   ,     #_
   ~\_  ####_        Amazon Linux 2
  ~~  \_#####\
  ~~     \###|       AL2 End of Life is 2025-06-30.
  ~~       \#/ ___
   ~~       V~' '->
    ~~~         /    A newer version of Amazon Linux is available!
      ~~._.   _/
         _/ _/       Amazon Linux 2023, GA and supported until 2028-03-15.
       _/m/'           https://aws.amazon.com/linux/amazon-linux-2023/

[ec2-user@ip-10-1-10-99 ~]$ sudo su -
[root@ip-10-1-10-99 ~]# ym install mysql
-bash: ym: command not found
[root@ip-10-1-10-99 ~]# yum install mysql
Loaded plugins: extras_suggestions, langpacks, priorities, update-motd
Resolving Dependencies
--> Running transaction check
---> Package mariadb.x86_64 1:5.5.68-1.amzn2.0.1 will be installed
--> Finished Dependency Resolution

Dependencies Resolved

===============================================================================================================================================================================================================
 Package                                       Arch                                         Version                                                     Repository                                        Size
===============================================================================================================================================================================================================
Installing:
 mariadb                                       x86_64                                       1:5.5.68-1.amzn2.0.1                                        amzn2-core                                       8.8 M

Transaction Summary
===============================================================================================================================================================================================================
Install  1 Package

Total download size: 8.8 M
Installed size: 49 M
Is this ok [y/d/N]: y
Downloading packages:
mariadb-5.5.68-1.amzn2.0.1.x86_64.rpm                                                                                                                                                   | 8.8 MB  00:00:00     
Running transaction check
Running transaction test
Transaction test succeeded
Running transaction
  Installing : 1:mariadb-5.5.68-1.amzn2.0.1.x86_64                                                                                                                                                         1/1 
  Verifying  : 1:mariadb-5.5.68-1.amzn2.0.1.x86_64                                                                                                                                                         1/1 

Installed:
  mariadb.x86_64 1:5.5.68-1.amzn2.0.1                                                                                                                                                                          

Complete!
[root@ip-10-1-10-99 ~]# mysql -h udacity-instance.c4qbbpkpjeyv.us-east-1.rds.amazonaws.com -P 3306 -u admin -p
Enter password: 
Welcome to the MariaDB monitor.  Commands end with ; or \g.
Your MySQL connection id is 32
Server version: 8.0.35 Source distribution

Copyright (c) 2000, 2018, Oracle, MariaDB Corporation Ab and others.

Type 'help;' or '\h' for help. Type '\c' to clear the current input statement.

MySQL [(none)]> SHOW Databases;
+--------------------+
| Database           |
+--------------------+
| information_schema |
| mysql              |
| performance_schema |
| sys                |
| udacity            |
+--------------------+
5 rows in set (0.03 sec)

MySQL [(none)]> CREATE TABLE employees (
    ->     id INT,
    ->     first_name VARCHAR(100),
    ->     last_name VARCHAR(100),
    ->     age INT
    -> );
ERROR 1046 (3D000): No database selected
MySQL [(none)]> use udacity
Database changed
MySQL [udacity]> CREATE TABLE employees (     id INT,     first_name VARCHAR(100),     last_name VARCHAR(100),     age INT );
Query OK, 0 rows affected (0.05 sec)

MySQL [udacity]> SELECT * FROM employees
    -> 
    -> ;
Empty set (0.00 sec)

MySQL [udacity]> INSERT INTO employees (id, first_name ,last_name, age) VALUES (1, "LY", "TRUNG", 32);
Query OK, 1 row affected (0.00 sec)

MySQL [udacity]> SELECT * FROM employees
    -> ;
+------+------------+-----------+------+
| id   | first_name | last_name | age  |
+------+------------+-----------+------+
|    1 | LY         | TRUNG     |   32 |
+------+------------+-----------+------+
1 row in set (0.00 sec)

MySQL [udacity]> 